firstName,lastName,gender
Richard,Reed,Male
Paul,Douglas,Male
Jessica,Baker,Female
Joshua,Johnson,Male
Kelly,Wilson,Female
Brandon,Green,Male
Megan,Ross,Female
Christopher,Lopez,Male
Heather,Howard,Female
Tyler,Ward,Male
Justin,Richardson,Male
Melissa,Hernandez,Female
Matthew,Campbell,Male
Stephanie,Young,Female
Daniel,Wright,Male
Samantha,Morales,Female
Adam,Thompson,Male
Amanda,Roberts,Female
David,Mitchell,Male
Amy,Anderson,Female
James,Perez,Male
Laura,Wood,Female
Robert,Garcia,Male
Jennifer,Evans,Female
Ryan,Brooks,Male
Lauren,Hall,Female
John,Martin,Male
Ashley,King,Female
William,Scott,Male
Sarah,Ramirez,Female
Michael,Hill,Male
Brittany,Taylor,Female
Jonathan,Lee,Male
Elizabeth,Clark,Female
Joseph,White,Male
Rachel,Lewis,Female
Nicholas,Jackson,Male
Stephanie,Harris,Female
Jeffrey,Davis,Male
Emily,Thomas,Female
Kevin,Lewis,Male
Rebecca,Lee,Female
Brian,Murphy,Male
Michelle,Allen,Female
Timothy,Morris,Male
Kayla,King,Female
Jason,Walker,Male
Christina,Lopez,Female
Eric,Morgan,Male
Kimberly,Hall,Female
Matthew,Young,Male
Victoria,Martinez,Female
Andrew,Carter,Male
Julia,Wright,Female
Nathan,Rivera,Male
Linda,Martin,Female
Kyle,Harris,Male
Maria,Morris,Female
Steven,Robinson,Male
Mary,Watson,Female
Charles,Gonzalez,Male
Kelly,Hernandez,Female
Mark,Hall,Male
Angela,Young,Female
Anthony,Adams,Male
Laura,Rivera,Female
Donald,Campbell,Male
Cynthia,Murphy,Female
Christopher,James,Male
Lisa,Collins,Female
Jeffrey,Butler,Male
Susan,Phillips,Female
Kenneth,Cook,Male
Karen,King,Female
Ronald,Edwards,Male
Alicia,Flores,Female
David,Hill,Male
Christine,Johnson,Female
Matthew,Miller,Male
Pamela,Harris,Female
Daniel,Price,Male
Jessica,Lee,Female
Steven,Cooper,Male
Patricia,Ward,Female
Stephen,Reed,Male
Kathleen,Howard,Female
Gregory,Garcia,Male
Sharon,Flores,Female
Jose,Wright,Male
Laura,Gray,Female
Justin,Richards,Male
Shirley,Roberts,Female
Timothy,Russell,Male
Heather,Lopez,Female